Network	MF	BP	CC
HuRI	1.2335388762249162	1.4047323355542256	1.0680052204453478
STRING-HUMAN	1.511353394777959	2.781250031037516	1.4615708925529265
