	acc_F	acc_P	acc_C	f1_P	f1_C	f1_F	network
0	0.13624999999999998	0.17797103976401696	0.37066417153006853	0.23169763583464448	0.3999477753889559	0.21530926176216653	HuRI
1	0.27999999999999997	0.3633383465201944	0.5233995178888607	0.40578271217726725	0.5461996189107917	0.34041157315195936	STRING
